[ {
  "id" : 1,
  "type" : "Парусник",
  "model" : "Model X",
  "enginePower" : 100,
  "maxSpeed" : 50,
  "releaseDate" : 1733913657893,
  "price" : 50000.0,
  "sailArea" : 200
}, {
  "id" : 2,
  "type" : "Моторная лодка",
  "model" : "Model Y",
  "enginePower" : 200,
  "maxSpeed" : 80,
  "releaseDate" : 1733913657893,
  "price" : 70000.0,
  "fuelCapacity" : 500
}, {
  "id" : 3,
  "type" : "Катамаран",
  "model" : "Model Z",
  "enginePower" : 150,
  "maxSpeed" : 60,
  "releaseDate" : 1733913657894,
  "price" : 80000.0,
  "passengerCapacity" : 20
} ]